filename,original_creation_date,average_hex_color,is_selfie,body_position
01ae8f50-99f3-4737-8500-7dd17e29a285.jpg,2025-08-13T13:16:06.961992,#605A4D,unknown,between legs
037167b1-c08c-4510-9511-36153cffcf08.jpg,2025-08-13T13:16:06.965991,#535048,unknown,pretzel
03bf1095-97b9-403c-8445-5dd7693ea521.jpg,2025-08-13T13:16:06.965991,#817B71,unknown,between legs
071ccbca-f432-40e4-b1c3-42b2c3acc874.jpg,2025-08-13T13:16:06.969991,#695F56,unknown,between legs
081F90C5-E7D9-43BC-B6DA-D4EB8E99B68F.jpg,2021-08-10T10:25:36,#6C625E,no,between legs
0842462B-8095-4C0E-B83B-424F26779EEA.jpg,2025-07-07T09:38:51,#958C84,yes,between legs
084dd40a-2a89-403b-acd0-c84e1d1fca68.jpg,2025-08-13T13:16:06.985991,#34241A,unknown,other
085c1d0a-1014-4b87-b03f-6ed59e590fd3.jpg,2025-08-13T13:16:06.989991,#615951,unknown,between legs
08ff1ad6-5209-48bd-a409-f8e914091d98.jpg,2025-08-13T13:16:06.989991,#61564C,unknown,between legs
09F9D2FF-CB2F-4518-A518-9A639870A817.jpg,2022-05-06T18:56:35,#4A423D,no,between legs
09b79bad-32ea-432b-9c0c-d4942da8c852.jpg,2025-08-13T13:16:06.997992,#917D6D,unknown,between legs
0EB40831-1B64-4625-B4FB-78577DA02E3F.JPG,2021-07-20T11:03:47,#84827D,yes,between legs
0ddac366-b61c-43c6-8660-626a073536db.jpg,2025-08-13T13:16:07.005991,#757066,unknown,loaf
100219F7-5816-4BB4-9AB9-64052C3865D6.jpg,2024-09-15T22:47:41,#725C4C,no,between legs
134260AC-E7EC-4F66-ABAB-8399794E45D8.jpg,2024-09-13T14:28:45,#7C6F67,no,between legs
13F7E95B-5B59-4E15-866B-373D5BBCC3C2.jpg,2025-07-07T09:40:21,#797068,no,between legs
14e3fd95-de34-42c1-b8cb-1fa0df6d1a30.jpg,2025-08-13T13:16:07.017992,#756E66,unknown,between legs
1768ce45-99b8-4f36-8de2-e3b77c0d37df.jpg,2025-08-13T13:16:07.021991,#8E857A,unknown,between legs
17BABD81-3027-486B-8F00-99FE6624DE3E.jpg,2025-07-09T12:33:27,#897E6E,yes,between legs
185c0946-6d33-406f-a7f3-6e92fa0077bd.jpg,2025-08-13T13:16:07.029992,#655F55,unknown,laying on side
1E229BB5-079C-4AB9-B66A-C54BF3D2B4F7.jpg,2025-07-02T18:52:47,#585248,no,between legs
1a2b632c-516a-4688-a692-b956c5f1632e.jpg,2025-08-13T13:16:07.037992,#493C30,unknown,between legs
1b78576e-7b52-4726-9f16-6e44025de97f.jpg,2025-08-13T13:16:07.037992,#96887C,unknown,laying on side
2071cafc-c2e3-43cc-9db8-d64ae84c48ec.jpg,2025-08-13T13:16:07.037992,#6F5747,unknown,belly up
24a4779f-4957-4e96-bb50-dd37e3d39d89.jpg,2025-08-13T13:16:07.041991,#886F58,unknown,other
262ece53-0b1d-4acc-8871-d29d8966b042.jpg,2025-08-13T13:16:07.041991,#776B5E,unknown,between legs
26C3AE93-2E26-4F34-B5B2-69A95D820539.jpg,2022-08-24T11:21:42,#776E60,no,between legs
27A630B4-510E-4CBE-B908-B3A4D064CFB8.jpg,2023-03-24T16:03:24,#646261,no,other
29c402d7-526c-4403-85df-1ff4840c3849.jpg,2025-08-13T13:16:07.049992,#695C54,unknown,other
2CD3AC8E-0DF0-4422-81F1-18CE5E4DA2AB.jpg,2025-04-27T21:01:39,#484136,no,other
2DF3F4EC-4E92-4D84-BA1C-875ACCEA422F.jpg,2022-06-01T16:18:06,#5B5552,no,between legs
2a0308f7-a7f9-4cb8-a7d8-7d3ca7d0575e.jpg,2025-08-13T13:16:07.057992,#999287,unknown,other
2a4aa785-fda6-4dc3-aa9a-ade06b260a87.jpg,2025-08-13T13:16:07.057992,#726C6D,unknown,belly up
2ead2eeb-9e28-4106-8961-c35e12bf5daa.jpg,2025-08-13T13:16:07.057992,#7E6F5F,unknown,between legs
303BE865-7CE7-42DB-AD8A-E767FAD49D12.jpg,2021-07-19T12:50:36,#534941,no,other
31177B46-BB26-434A-B5FF-55B319E85573.jpg,2020-11-27T00:29:37,#8E756C,no,between legs
31396B3F-498A-47CA-99D4-8EEE8A75DC15.jpg,2024-09-13T14:27:29,#957F71,no,between legs
326fcc6b-2d73-43bc-805e-0e7dbbc31872.jpg,2025-08-13T13:16:07.069992,#7B7269,unknown,between legs
34728239-B41C-410B-B579-B130554EAE39.JPG,2024-01-19T17:38:54,#75685A,yes,between legs
34cb9747-a934-4373-af7f-69466b6090f1.jpg,2025-03-09T06:05:31,#6E6B61,unknown,between legs
3573c97f-e3c5-4252-84ff-8fcd25ea972a.jpg,2025-08-13T13:16:07.077991,#7A6C61,unknown,standing on all fours
38b21d97-0ad0-494a-b2bf-4d7f762dc3a0.jpg,2025-08-13T13:16:07.081991,#847357,unknown,between legs
3a8634c5-8d14-4ca7-91b2-fa9710586e8c.jpg,2025-08-13T13:16:07.081991,#42392C,unknown,between legs
3aa10743-3490-48f6-aa0f-6005163d6e0e.jpg,2025-08-13T13:16:07.085992,#61584E,unknown,between legs
3cd4a9f8-d96f-4a7e-87d7-fa9cb22b359c.jpg,2025-08-13T13:16:07.085992,#6E6559,unknown,other
409C9B59-4EAA-45B8-A7A4-7DC3F51CFC9A.JPG,2021-10-29T16:32:51,#544E46,yes,between legs
4505135E-E034-4681-ABEC-19F7E4F6CFF6.jpg,2023-06-25T10:58:48,#817867,no,pretzel
47cac488-b625-4c97-b110-60f76a7c8cfd.jpg,2025-08-13T13:16:07.097991,#866E56,unknown,between legs
4A9B1071-E1FB-48B7-9EAC-85E5EBC0DF12.jpg,2021-08-17T17:56:42,#5B5449,no,pretzel
4a4210c4-57ab-48dc-8257-5f83cdf8ce62.jpg,2025-08-13T13:16:07.105992,#565659,unknown,between legs
4afe05d2-44d2-4386-8182-90845ea9b4b1.jpg,2025-08-13T13:16:07.109992,#786A5B,unknown,standing on all fours
4c1d2576-af5d-4df6-ba5f-4ec6db41bf06.jpg,2025-08-13T13:16:07.109992,#6B5A4C,unknown,between legs
502a4dc5-7123-4195-a787-73358b4b13d7.jpg,2025-08-13T13:16:07.113991,#8F8984,unknown,pretzel
5152d864-a221-49cc-b04c-6ee0815d5563.jpg,2025-08-13T13:16:07.113991,#867869,unknown,between legs
5172daad-cf0c-46ab-a94d-f117e40878e9.jpg,2025-08-13T13:16:07.117991,#756A5C,unknown,between legs
51ac0742-39af-4ac0-8066-b00410539cb4.jpg,2025-08-13T13:16:07.117991,#565559,unknown,between legs
5266fbeb-5073-4ad9-9c5d-e46860798012.jpg,2025-08-13T13:16:07.117991,#61736E,unknown,between legs
5808e0fd-ba12-45a3-bfbd-a4f2f6bb9d17.jpg,2025-08-13T13:16:07.121992,#8A7D6D,unknown,between legs
5857691A-1EB3-49C1-BA34-55AF77C9AF50.jpg,2025-07-03T22:59:56,#846857,no,between legs
595fc6c3-93b0-4d99-a2ee-3e1037d4b070.jpg,2025-08-13T13:16:07.129992,#6A6257,unknown,between legs
5b149427-3a48-499e-b607-dab7be0f5393.jpg,2025-08-13T13:16:07.133991,#6E6356,unknown,standing up on hind legs
5e0df137-efa5-4346-8b49-bd5176f4eada.jpg,2025-08-13T13:16:07.133991,#7A706D,unknown,between legs
5e466253-f77b-4adc-9d82-0adb749b1a46.jpg,2025-08-13T13:16:07.133991,#352F26,unknown,between legs
600e3549-e9d0-4b38-95d4-29227f8eb2f4.jpg,2025-08-13T13:16:07.137991,#553926,unknown,between legs
60f8516c-87bc-4a42-bc44-49cd7640fe03.jpg,2025-08-13T13:16:07.137991,#6C5E51,unknown,between legs
62715382156__A01FE6DD-6A94-4F4A-9C4F-88B2323916AD.JPG,2020-11-15T12:23:41,#696760,yes,between legs
62715384620__78565B9A-1D03-4F12-BE3C-3C51B8A00903.JPG,2020-11-15T12:24:06,#6C675E,no,between legs
62715393686__D0B0072B-F563-4003-A68D-F06C18833577.JPG,2020-11-15T12:25:36,#575550,no,between legs
62749694900__79BC8E40-AD21-49EC-858A-B2511F8B83B7.JPG,2020-11-19T11:42:28,#5D574D,no,between legs
62870864491__A3190BF5-AE34-49A1-8613-135C84621A07.JPG,2020-12-03T12:17:24,#726C60,no,between legs
62934763557__07A2F997-4FBA-4AC6-8D78-9B6C76BE77E0.JPG,2020-12-10T21:47:15,#675B4E,no,between legs
63156DE6-8679-4ECB-BD94-55E16EC52D6E.JPG,2024-01-26T13:13:56,#9A8875,yes,between legs
63540238314__54A92D8C-4E0E-4631-BEAA-CA13E9A2C24B.JPG,2021-02-18T23:39:43,#A89F94,no,other
65464356856__A116DBA2-4706-4DD2-A733-0B5D6834D869.JPG,2021-09-29T17:26:08,#5E5C55,no,between legs
66ebc777-ed3b-4b51-8cd7-706e9a157c95.jpg,2025-08-13T13:16:07.189991,#433B30,unknown,pretzel
67960668829__D52A4F80-4676-4B2F-99D3-825FBCDD5B69.JPG,2022-07-15T15:38:08,#826956,no,standing on all fours
67E91D0E-D77C-4190-A15A-5FEC8C8617D0.jpg,2023-11-19T12:32:52,#85786A,no,belly up
68633301496__044700F6-81C3-4CA8-B90C-E64A9F0337DB.JPG,2022-10-01T12:03:34,#695A55,yes,between legs
69689539016__5A9D4811-0DA9-4F52-86A1-E7D7200743BF.JPG,2023-01-31T17:03:10,#504B45,no,between legs
6B83D750-C294-40FA-9D89-E32E58FABCA2.jpg,2021-10-13T17:49:56,#342D2B,no,between legs
6F99D991-6274-4D83-AEE2-3E20530AEF9D.jpg,2021-07-29T15:12:27,#646057,no,other
6d540023-bb48-4feb-ad6e-4078109d334a.jpg,2025-08-13T13:16:07.213992,#7C7064,unknown,laying on side
6f3fdc8d-21e7-4de0-ab0f-9fa1801e2757.jpg,2025-08-13T13:16:07.213992,#76757D,unknown,between legs
70C5B907-E3F7-4075-BB5D-15A2DB114852.jpg,2021-07-10T16:59:31,#A9A399,no,laying on side
71bb0aa5-4e86-4b9c-bf78-bbcbb714cee8.jpg,2025-08-13T13:16:07.217992,#6B6256,unknown,between legs
722D59DB-13BF-4C31-B75B-89C1E3E8E630.jpg,2020-12-25T00:04:43,#29201D,no,between legs
75057C38-AB50-4E9D-800A-D06260E1FADA.jpg,2021-06-08T18:58:42,#60514B,no,belly up
7577A918-F358-4775-85F1-7DCDBB271E19.jpg,2021-06-22T12:48:53,#5D4E42,no,other
76F40AFD-31AB-4D04-94EB-A3BA82A41215.JPG,2022-01-30T11:24:44,#7B7976,yes,between legs
77188367521__1A3E94FE-BB9B-4D01-B4AB-A1D47B8FEA49.jpeg,2025-06-17T16:07:55,#776C5D,no,loaf
77250500489__2D3CB788-05B5-4D72-8B32-D3236D6C4D25.jpeg,2025-06-24T20:43:24,#54493A,no,between legs
77b0074c-5d5b-4a2e-b0a7-b9c99fadfef1.jpg,2025-08-13T13:16:07.261992,#5D4C45,unknown,pretzel
77c06734-804f-4ad0-a1e4-dbdab658c128.jpg,2025-08-13T13:16:07.261992,#2C2923,unknown,curled up
782AA6B7-8516-4F61-9211-5BDDFE5C4C4B.jpg,2021-09-28T16:56:50,#6A5F58,no,between legs
78346203-a5db-45de-84bc-e1cc8bc447d2.jpg,2025-08-13T13:16:07.269992,#82776A,unknown,belly up
7BAE0DBA-046F-421E-AA7D-5552BD8D051C.jpg,2021-09-28T16:56:00,#615D56,no,between legs
7C276CDD-41DC-45C4-9087-C854345299C2.jpg,2025-04-08T21:09:51,#826451,no,other
7b32b42b-78c2-421c-b45d-54df310dc9e1.jpg,2025-08-13T13:16:07.281991,#847463,unknown,other
827ea15e-3fb2-49cb-8e99-460ac54343b9.jpg,2025-08-13T13:16:07.281991,#5E5852,unknown,pretzel
82B5A390-ECF7-4521-AA62-4BCA1DEB11CA.jpg,2025-07-02T22:54:59,#998B7E,yes,between legs
841218dc-8002-4e06-9bc1-38cb495e9dc1.jpg,2025-08-13T13:16:07.289992,#37302A,unknown,loaf
848f7552-60b8-4dc5-bd74-87e1fc0a1c80.jpg,2025-08-13T13:16:07.293992,#625B49,unknown,other
86B0F3A3-1CC8-4E0C-B329-3366636CC898.JPG,2021-10-29T16:32:27,#8C877E,yes,between legs
88f9ddf9-41ce-47b5-9f3b-1ecff7d2b19f.jpg,2025-08-13T13:16:07.297992,#79695A,unknown,between legs
892DF147-84AA-4D61-92A9-71019CEEF52D.jpg,2025-07-03T08:45:22,#746B5F,no,laying on side
8978E825-9126-433D-ADF1-0C658C27A16B.jpg,2023-06-16T20:10:55,#37322B,no,curled up
8B344437-724A-4745-98F0-F48A846D00CE.jpg,2023-06-25T18:11:00,#69665C,no,laying on side
8CFD11B4-90B1-4F10-A8F9-E6245403A75F.jpg,2021-11-10T17:40:04,#97826A,no,other
8DC8C36C-EABD-48FD-80AB-964DA71A9B4B.jpg,2025-07-02T18:36:35,#6A5641,no,laying on side
8FF4AACB-8A5E-4128-8B5F-D58D217EEC93.jpg,2025-07-09T19:09:13,#63594B,no,laying on side
8b56821f-2ff9-496d-bd63-f8bd25a88be5.jpg,2025-08-13T13:16:07.321991,#97877A,unknown,laying on side
8e8a82c1-145f-48c3-a072-8f84fd6d21d9.jpg,2025-08-13T13:16:07.325992,#75695A,unknown,laying on side
8f476eeb-556f-4d79-a92d-1ccd4af0ec05.jpg,2025-08-13T13:16:07.325992,#593F2C,unknown,other
9007a777-7b7c-4ea3-9804-f2cf4c68cc36.jpg,2025-08-13T13:16:07.329992,#756451,unknown,other
9094A986-4971-4497-8420-71A99BEFB515.jpg,2025-07-07T09:43:33,#78726D,no,between legs
90e4eff6-1b7b-497d-9e45-7f0c8b6254cc.jpg,2025-08-13T13:16:07.333992,#857360,unknown,between legs
90fedaa1-3856-4491-9334-e1c8a66e99c7.jpg,2025-08-13T13:16:07.333992,#898378,unknown,belly up
9172da79-c709-4b63-8745-e940795620d5.jpg,2025-08-13T13:16:07.337991,#4A4134,unknown,between legs
92a55360-d836-412d-ab76-01d310794968.jpg,2025-08-13T13:16:07.337991,#342F26,unknown,between legs
95C987B7-1307-4F4F-9342-3A9A7854FA09.jpg,2025-07-07T09:41:04,#74655B,no,between legs
9686CD79-3E59-4A4C-9103-37BE66334016.jpg,2024-11-13T13:00:32,#6D5F52,no,other
96f83bd0-2787-41be-89cf-b84a1021e384.jpg,2025-08-13T13:16:07.349992,#464136,unknown,curled up
9958d689-3b33-4971-aef2-c3afc82c11b9.jpg,2025-08-13T13:16:07.349992,#75786F,unknown,laying on side
99df8cd3-b739-4fc1-a9b9-eb4c26a93b7f.jpg,2025-08-13T13:16:07.353992,#514539,unknown,standing on all fours
9a97fa41-af74-4b91-a747-9ebe70eff0fb.jpg,2025-08-13T13:16:07.353992,#7F796E,unknown,pretzel
9bb38b67-6cbe-4bef-9309-77d13a9e6a0a.jpg,2025-08-13T13:16:07.353992,#7F664C,unknown,other
9f5c300e-83ea-448f-b7ad-9bfba3e8347e.jpg,2025-08-13T13:16:07.357991,#5E584E,unknown,between legs
A115196E-3B84-457C-933A-98A8C04A0427.jpg,2025-06-12T10:57:44,#826F5C,yes,between legs
A779828A-5BAD-48BE-B32B-5081E0C34119.jpg,2025-04-08T23:46:41,#715F4E,no,between legs
A7B2DD8C-26B9-4F96-8CF5-D89121820826.jpg,2024-11-08T13:20:36,#686661,yes,between legs
A8416125-CEAF-4187-B451-DB28A4627F2B.jpg,2025-06-08T17:30:34,#574B3D,no,pretzel
B12C1C42-44C3-48E1-B750-605D06437FAB.jpg,2021-06-08T18:53:58,#594E47,no,between legs
B1BDE87F-FC3D-47E9-B9EF-EEFEEA111334.jpg,2025-07-02T22:55:39,#A8907F,yes,between legs
B2AFF42A-6BCE-4974-90EC-1FD978E2D1B4.JPG,2022-01-30T11:25:47,#8F8989,yes,between legs
B3C4260F-2435-4370-88EC-C3C456D4BD0E.jpg,2025-04-09T10:32:45,#666B78,no,laying on side
B8B1583C-AA7F-40C6-AAD5-B3512504D15F.jpg,2020-11-16T23:22:03,#6B5A5A,yes,between legs
B975EB84-A171-4133-9D2D-35371E45D8C8.JPG,2021-08-30T14:52:29,#928C85,yes,between legs
BA880C28-8538-4ACB-B7AF-870F28AB1C19.jpg,2021-10-13T17:42:36,#4C3B36,no,pretzel
BB8CD188-6E42-4B33-AACD-05B05C9CEAB2.JPG,2021-07-20T11:03:23,#726B63,yes,between legs
C1B48B42-DE7B-4D52-B4BD-46ACD670BEAA.jpg,2025-07-09T12:34:22,#91867B,yes,between legs
C202432D-7822-47AB-8FFD-0D7191BB4D6F.jpg,2025-04-23T20:15:18,#897972,yes,between legs
C348B1BC-A146-43D1-A8E8-4D9A61E9C86C.jpg,2023-03-10T13:29:52,#9E9183,no,between legs
C5E14B76-9430-4340-BB1E-B9C40292717C.jpg,2024-01-26T13:11:52,#615A52,no,other
C9598CEC-960D-417B-B992-633E7E30D3BD.jpg,2025-05-22T13:30:42,#6B697D,no,pretzel
CACE8A46-93E7-44FA-8102-11DA6560A45E.jpg,2022-07-05T10:45:48,#5B544C,no,other
D00AA1D4-7E99-4179-B6F1-1F02A613CE7A.jpg,2023-06-25T10:59:17,#7B6D59,no,between legs
D1E3DF8E-95F6-4F5E-A301-F46004D5BDF7.jpg,2020-11-15T01:06:31,#5D5246,no,other
D34C31A5-0A0C-403B-B283-2EF00C5DC780.jpg,2021-08-02T13:41:12,#5F5C5B,no,belly up
D3A25E84-D838-42CB-919C-940CBAFAD16F.jpg,2025-07-20T11:04:13,#77736B,no,laying on side
D553CF63-1365-428B-940F-F1160BD93F2A.jpg,2021-11-20T11:29:03,#7B756F,no,pretzel
DDBE5FFE-6F9E-42D4-9BC4-154657EE5F5A.jpg,2025-04-19T12:10:54,#7B7363,no,laying on side
DFAB020E-5063-42E9-81A0-51C2B8C04115.jpg,2022-07-01T16:18:55,#625F56,no,standing up on hind legs
E030EE28-3D3F-4227-A471-DDD21786D6B5.jpg,2021-07-22T19:08:34,#524A46,no,pretzel
E9C6E488-1D02-4CDB-AB9A-EDB3FC4D280E.jpg,2024-04-05T11:27:16,#776E68,no,loaf
EA5FDAB7-4CCE-44A2-A6E6-540EE9566024.jpg,2021-10-13T17:35:56,#332925,no,curled up
EDBA41F0-B177-4B09-870C-6EA1C876C78C.jpg,2021-09-07T14:10:10,#706E5B,no,pretzel
EE18BE83-C79D-40E4-B33E-3DA98BF214CF.jpg,2025-07-03T18:29:38,#928B83,no,pretzel
EE6AD410-3E00-4900-BFF6-CFD816F4E163.jpg,2021-07-20T11:46:54,#55524D,no,other
EEB0356C-BACE-417F-84FB-9DCDD31F180E.jpg,2020-11-27T00:28:45,#917C70,no,between legs
F05306CD-C1E9-47B7-89EA-1DFD9C309446.jpg,2024-01-26T13:17:31,#524C3E,no,between legs
F533B838-572E-4632-868C-E5D5F7A02C0B.jpg,2021-10-13T17:42:11,#4D4039,no,between legs
F6FAFA75-6ED9-42B4-9E14-680834DD18EB.jpg,2025-07-03T19:11:14,#91908C,no,pretzel
F84A70F9-41F4-41D7-BC4B-8CE9CF493589.jpg,2022-08-16T09:44:01,#545754,no,between legs
F92F4431-C379-4082-9418-1B3F4DA1B0B5.jpg,2024-04-05T11:21:18,#847B71,no,belly up
IMG_0077.jpeg,2024-09-15T10:17:47,#8E7C67,no,standing on all fours
IMG_0078.jpeg,2024-09-15T10:17:47,#927E67,no,standing on all fours
IMG_0079.jpeg,2024-09-15T10:17:49,#957D66,no,loaf
IMG_0084.jpeg,2024-09-15T10:24:41,#67645C,no,other
IMG_0085.jpeg,2024-09-15T10:24:45,#6E5C4F,no,other
IMG_0244.jpeg,2024-09-27T16:38:30,#736E5A,no,standing on all fours
IMG_0397.jpeg,2024-09-29T15:59:45,#776D61,no,other
IMG_0398.jpeg,2024-09-29T15:59:46,#776D61,no,other
IMG_0399.jpeg,2024-09-29T16:00:06,#786E61,no,standing up on hind legs
IMG_0507.jpeg,2024-10-03T16:58:10,#67645E,no,between legs
IMG_0508.jpeg,2024-10-03T16:58:21,#63625D,no,between legs
IMG_0527.jpeg,2024-10-06T19:52:02,#96887D,no,between legs
IMG_0528.jpeg,2024-10-06T19:52:04,#A2948A,no,between legs
IMG_0529.jpeg,2024-10-06T19:52:05,#958372,no,between legs
IMG_0530.jpeg,2024-10-06T19:52:26,#94887D,no,between legs
IMG_1020.JPG,2020-11-14T13:44:49,#6E6662,no,between legs
IMG_1021.PNG,2020-11-14T13:57:42,#615B5C,unknown,between legs
IMG_1022.jpeg,2020-11-14T14:13:02,#5F5F57,no,between legs
IMG_1030.jpeg,2020-11-14T14:58:47,#848881,no,between legs
IMG_1031.jpeg,2020-11-14T14:58:51,#858882,no,between legs
IMG_1032.jpeg,2020-11-14T14:58:57,#868A84,no,between legs
IMG_1034.jpeg,2020-11-14T15:02:58,#888781,no,between legs
IMG_1035.jpeg,2020-11-14T15:03:02,#8E8D89,no,between legs
IMG_1037.jpeg,2020-11-14T15:03:05,#83827F,no,between legs
IMG_1039.jpeg,2020-11-14T15:03:09,#82827F,no,between legs
IMG_1040.jpeg,2020-11-14T15:03:10,#81817D,no,between legs
IMG_1041.jpeg,2020-11-14T15:03:14,#777876,no,between legs
IMG_1042.jpeg,2020-11-14T15:03:27,#767675,no,between legs
IMG_1051.jpeg,2020-11-14T18:28:21,#474037,no,between legs
IMG_1052.jpeg,2020-11-14T18:28:22,#524B41,no,between legs
IMG_1053.jpeg,2020-11-14T18:28:27,#494239,no,between legs
IMG_1055.jpeg,2020-11-14T18:28:40,#73665F,yes,between legs
IMG_1056.jpeg,2020-11-14T20:34:56,#5C504C,yes,between legs
IMG_1059.jpeg,2020-11-15T01:00:44,#6D695E,no,other
IMG_1069.jpeg,2020-11-15T20:22:11,#62615C,no,belly up
IMG_1070.jpeg,2020-11-15T20:22:13,#5C5B55,no,belly up
IMG_1071.jpeg,2020-11-15T20:22:15,#5B5A54,no,belly up
IMG_1072.jpeg,2020-11-15T20:52:20,#605C55,no,pretzel
IMG_1073.jpeg,2020-11-15T20:52:22,#746F67,no,pretzel
IMG_1074.jpeg,2020-11-15T20:52:26,#56524A,no,pretzel
IMG_1075.JPG,2025-08-13T13:16:07.841992,#585451,unknown,pretzel
IMG_1138.jpeg,2020-11-20T17:47:11,#69594B,no,between legs
IMG_1141.jpeg,2020-11-20T22:45:15,#7E786F,no,between legs
IMG_1145.jpeg,2020-11-20T22:46:03,#7F7A70,no,between legs
IMG_1156.jpeg,2020-11-24T15:55:39,#81847E,yes,between legs
IMG_1157.jpeg,2020-11-24T15:55:42,#858983,yes,between legs
IMG_1158.jpeg,2020-11-24T15:55:47,#888C88,yes,between legs
IMG_1159.jpeg,2024-11-24T00:39:42,#8E6F4B,no,other
IMG_1160 (1).jpeg,2020-11-24T19:21:50,#514B49,no,between legs
IMG_1160.jpeg,2024-11-24T00:39:44,#8E6E49,no,other
IMG_1161.jpeg,2020-11-24T19:21:53,#645955,no,between legs
IMG_1162.jpeg,2020-11-24T19:21:54,#6E645F,no,between legs
IMG_1163.jpeg,2020-11-24T19:22:06,#625851,no,between legs
IMG_1164.jpeg,2020-11-24T19:22:08,#554943,no,between legs
IMG_1165.jpeg,2020-11-24T19:22:09,#5F544D,no,between legs
IMG_1166.jpeg,2020-11-24T19:22:10,#60544D,no,between legs
IMG_1185.jpeg,2020-11-26T22:49:17,#737064,yes,between legs
IMG_1186.jpeg,2020-11-26T22:49:22,#776E65,yes,between legs
IMG_1187.jpeg,2020-11-26T22:49:27,#898379,yes,between legs
IMG_1188.jpeg,2020-11-26T22:49:29,#847E74,yes,between legs
IMG_1189.jpeg,2020-11-26T22:49:31,#7A776C,yes,between legs
IMG_1190.jpeg,2020-11-26T22:49:37,#7D736A,yes,between legs
IMG_1191.jpeg,2020-11-26T22:49:48,#847E74,yes,between legs
IMG_1192.jpeg,2020-11-26T22:49:56,#706C60,yes,between legs
IMG_1193.jpeg,2020-11-26T22:49:58,#656156,yes,between legs
IMG_1196.jpeg,2020-11-26T22:55:20,#8A7C6C,no,between legs
IMG_1198.jpeg,2020-11-27T00:14:42,#786D5E,no,between legs
IMG_1203.jpeg,2020-11-27T00:19:08,#5D5349,no,pretzel
IMG_1204.jpeg,2020-11-27T00:19:10,#60584F,no,pretzel
IMG_1205 (1).jpeg,2020-11-27T00:19:12,#575047,no,other
IMG_1205.jpeg,2024-11-30T09:31:24,#666056,no,other
IMG_1206.jpeg,2020-11-27T00:19:29,#675C51,no,between legs
IMG_1207.jpeg,2020-11-27T00:19:31,#6C6156,no,between legs
IMG_1212.jpeg,2020-11-27T00:28:00,#796E64,no,between legs
IMG_1213.jpeg,2020-11-27T00:28:03,#7A6F60,no,between legs
IMG_1214.jpeg,2020-11-27T00:28:05,#8B7D6A,no,between legs
IMG_1215.jpeg,2020-11-27T00:28:06,#847561,no,between legs
IMG_1216.jpeg,2020-11-27T00:28:10,#857866,no,laying on side
IMG_1220.jpeg,2024-11-30T22:59:18,#564438,no,loaf
IMG_1241 (1).jpeg,2020-12-02T12:26:25,#72736F,no,between legs
IMG_1241.jpeg,2024-12-09T21:42:59,#696153,no,standing on all fours
IMG_1242 (1).jpeg,2020-12-02T12:26:45,#706F69,no,between legs
IMG_1242.jpeg,2024-12-09T21:43:23,#6F6454,no,other
IMG_1243.jpeg,2020-12-02T12:26:46,#74726C,no,between legs
IMG_1245.jpeg,2020-12-02T12:26:57,#757570,no,between legs
IMG_1246.jpeg,2020-12-02T12:27:10,#6D6A63,no,between legs
IMG_1247.jpeg,2020-12-02T12:27:14,#7E786C,no,between legs
IMG_1248.jpeg,2020-12-02T12:27:15,#7E786C,no,between legs
IMG_1251.jpeg,2020-12-02T22:26:12,#4A4640,no,between legs
IMG_1252.jpeg,2020-12-02T22:26:15,#565047,no,between legs
IMG_1254.jpeg,2020-12-04T11:03:52,#6F6E69,no,between legs
IMG_1255.jpeg,2020-12-04T11:03:56,#7A776E,no,between legs
IMG_1272.jpeg,2020-12-07T17:54:09,#504D4B,no,between legs
IMG_1273.jpeg,2020-12-07T17:54:12,#63625D,no,between legs
IMG_1274.jpeg,2020-12-07T17:54:22,#52504E,no,curled up
IMG_1275.jpeg,2020-12-07T17:54:31,#42403F,no,pretzel
IMG_1281.jpeg,2020-12-10T19:08:05,#716D65,no,curled up
IMG_1290.jpeg,2020-12-12T23:29:25,#4A453D,no,between legs
IMG_1291.jpeg,2020-12-12T23:29:27,#4E4940,no,between legs
IMG_1296.jpeg,2020-12-15T00:53:38,#776D5F,no,standing up on hind legs
IMG_1297.jpeg,2020-12-15T00:53:40,#746A5C,no,standing up on hind legs
IMG_1303.jpeg,2020-12-17T20:52:44,#66594C,yes,other
IMG_1305.jpeg,2020-12-17T20:52:56,#746555,yes,other
IMG_1324.jpeg,2024-12-14T10:39:40,#90847C,yes,between legs
IMG_1326.jpeg,2024-12-14T10:41:06,#9C9088,yes,between legs
IMG_1329.jpeg,2024-12-14T10:43:34,#827B6E,no,other
IMG_1571.jpeg,2021-02-02T17:52:44,#4F4A44,no,between legs
IMG_1572.jpeg,2021-02-02T17:52:50,#413A32,no,between legs
IMG_1573.jpeg,2021-02-02T17:53:01,#454038,no,between legs
IMG_1574.jpeg,2021-02-02T17:53:03,#443E36,no,between legs
IMG_1653.jpeg,2021-02-21T11:24:27,#858886,no,other
IMG_1654.jpeg,2021-02-21T11:24:27,#727574,no,other
IMG_1657.jpeg,2021-02-21T11:24:38,#7E8079,no,pretzel
IMG_1658.jpeg,2021-02-21T11:24:39,#5D605A,no,pretzel
IMG_1659.jpeg,2021-02-21T11:25:01,#797A6E,no,between legs
IMG_1660.jpeg,2021-02-21T11:25:06,#797A6F,no,between legs
IMG_1740.jpeg,2021-03-09T07:56:01,#716D63,no,other
IMG_1741.jpeg,2021-03-09T07:56:06,#A09E96,no,other
IMG_1847.jpeg,2021-04-06T21:28:24,#594D41,no,between legs
IMG_1888.jpeg,2025-02-18T11:28:22,#877B66,no,between legs
IMG_1915.jpeg,2021-05-04T08:16:51,#87857D,no,belly up
IMG_1948.jpeg,2021-05-19T22:45:23,#7B685D,no,between legs
IMG_1949.jpeg,2021-05-19T22:45:38,#645449,no,between legs
IMG_2022.jpeg,2021-06-08T18:41:17,#695F55,no,between legs
IMG_2159.jpeg,2021-07-06T19:25:00,#777267,no,other
IMG_2160.jpeg,2021-07-06T19:25:01,#797369,no,other
IMG_2174.jpeg,2021-07-11T13:59:14,#69645B,no,between legs
IMG_2175.jpeg,2021-07-11T13:59:18,#686258,no,between legs
IMG_2176.jpeg,2021-07-11T13:59:48,#605E58,no,between legs
IMG_2177.jpeg,2021-07-11T13:59:53,#605D57,no,between legs
IMG_2185.jpeg,2021-07-18T02:23:51,#5E564B,no,between legs
IMG_2203.jpeg,2021-07-22T18:47:41,#605B52,no,pretzel
IMG_2204.jpeg,2021-07-22T18:47:44,#635C51,no,pretzel
IMG_2283.jpeg,2021-07-31T23:26:05,#554F47,no,pretzel
IMG_2285.jpeg,2021-07-31T23:26:12,#544E46,no,pretzel
IMG_2287.jpeg,2021-08-02T13:40:51,#686864,no,belly up
IMG_2296.jpeg,2021-08-04T23:54:45,#473D35,no,between legs
IMG_2297.jpeg,2021-08-04T23:54:55,#50453E,no,between legs
IMG_2298.jpeg,2021-08-04T23:54:56,#514742,no,between legs
IMG_2351.jpeg,2025-04-01T13:42:24,#98968E,no,other
IMG_2431.jpeg,2025-04-11T19:12:55,#524C46,no,pretzel
IMG_2432.jpeg,2025-04-11T19:13:00,#564D45,no,between legs
IMG_2433.jpeg,2025-04-11T19:13:14,#6A6357,no,loaf
IMG_2451.jpeg,2021-08-20T21:33:09,#574C41,no,other
IMG_2602 (1).jpg,2025-08-13T13:16:08.381992,#484138,unknown,between legs
IMG_2602.jpg,2025-08-13T13:16:08.385992,#484138,unknown,between legs
IMG_2753.jpeg,2025-05-31T18:38:44,#78726D,no,between legs
IMG_2754.jpeg,2025-05-31T18:38:48,#908882,no,between legs
IMG_2755.jpeg,2025-05-31T18:38:54,#67605B,no,between legs
IMG_2783.jpeg,2025-06-19T15:58:03,#B6A99C,no,belly up
IMG_2796.jpeg,2021-09-08T09:44:47,#908171,no,between legs
IMG_2797.jpeg,2021-09-08T09:44:51,#938774,no,laying on side
IMG_2810.jpeg,2021-09-14T18:37:42,#6E655B,no,between legs
IMG_2811.PNG,2021-09-14T18:38:32,#6F635A,unknown,between legs
IMG_2850.jpeg,2025-06-12T19:48:47,#554E41,no,between legs
IMG_2853.jpeg,2021-10-01T19:28:39,#4F4B46,yes,between legs
IMG_2855.jpeg,2021-10-01T19:28:56,#554F4A,yes,between legs
IMG_2908.jpeg,2021-10-15T21:56:13,#493F3B,yes,between legs
IMG_2909.jpeg,2021-10-15T21:56:23,#4D4844,no,between legs
IMG_2911.jpeg,2021-10-15T21:56:53,#544941,no,between legs
IMG_2940.jpeg,2025-06-24T20:45:10,#A7957D,yes,between legs
IMG_3035.jpeg,2021-12-17T14:43:30,#75756F,no,between legs
IMG_3036.jpeg,2021-12-17T14:43:32,#6E706B,no,other
IMG_3037.jpeg,2021-12-17T14:43:35,#6C6C66,no,other
IMG_3038.jpeg,2021-12-17T14:43:41,#82827C,no,between legs
IMG_3039.jpeg,2021-12-17T20:50:47,#756559,no,other
IMG_3040.jpeg,2021-12-17T20:50:48,#7E6F61,no,between legs
IMG_3041.jpeg,2021-12-17T20:50:53,#595147,no,between legs
IMG_3061.jpeg,2021-12-30T00:09:37,#9B9484,no,curled up
IMG_3267.jpeg,2025-07-03T21:47:24,#5A412A,no,standing on all fours
IMG_3270.jpeg,2025-07-03T22:59:16,#9D8978,no,between legs
IMG_3271.jpeg,2025-07-03T22:59:24,#8B7C6D,no,between legs
IMG_3272.jpeg,2025-07-03T22:59:25,#A99585,no,between legs
IMG_3274.jpeg,2025-07-04T09:11:27,#6F5144,no,laying on side
IMG_3275.jpeg,2025-07-04T09:11:37,#5E4B43,no,laying on side
IMG_3277.jpeg,2025-07-04T09:11:46,#644D46,no,pretzel
IMG_3361.jpeg,2025-07-07T09:33:38,#56555E,no,other
IMG_3362.jpeg,2025-07-07T09:35:58,#6D5548,no,belly up
IMG_3363.jpeg,2025-07-07T09:36:00,#6D5549,no,standing on all fours
IMG_3369.jpeg,2025-07-07T15:18:25,#88735D,no,other
IMG_3370.jpeg,2025-07-07T15:18:27,#88745E,no,other
IMG_3371.jpeg,2025-07-07T15:18:32,#857361,no,other
IMG_3372.jpeg,2025-07-07T15:20:10,#7A634E,no,pretzel
IMG_3373.jpeg,2025-07-07T15:54:29,#8C8073,no,standing on all fours
IMG_3383.jpeg,2025-07-09T21:07:34,#84817D,no,belly up
IMG_3415.jpeg,2025-07-15T01:01:34,#6D5136,no,other
IMG_3421.jpeg,2025-07-16T00:30:22,#6F6153,no,other
IMG_3740.jpeg,2022-05-29T11:21:49,#635F62,no,between legs
IMG_3741.jpeg,2022-05-29T11:22:06,#5B595D,no,between legs
IMG_3764.jpeg,2022-06-08T09:09:14,#918D83,no,belly up
IMG_3765.jpeg,2022-06-08T09:09:15,#908B81,no,belly up
IMG_3766.jpeg,2022-06-08T09:12:25,#8D897F,no,other
IMG_3767.jpeg,2022-06-08T09:12:26,#8C887E,no,belly up
IMG_3789.jpeg,2022-06-21T13:21:25,#61503E,no,other
IMG_3790.jpeg,2022-06-21T13:21:31,#4A4540,no,other
IMG_3791.jpeg,2022-06-21T13:21:37,#5F574F,no,other
IMG_3815.jpeg,2022-07-01T14:05:58,#816A55,no,belly up
IMG_3816.jpeg,2022-07-01T14:06:04,#766456,no,belly up
IMG_3842.jpeg,2022-07-07T18:53:48,#3D3933,no,between legs
IMG_3843.jpeg,2022-07-07T18:53:50,#3F3C36,no,between legs
IMG_3844.jpeg,2022-07-07T18:53:55,#3F3C36,no,between legs
IMG_3845.jpeg,2022-07-07T18:54:22,#4B4740,no,between legs
IMG_3998.jpeg,2022-08-09T10:24:44,#9E8B77,no,belly up
IMG_4163.jpeg,2022-08-26T01:42:26,#67564A,no,belly up
IMG_4164.jpeg,2022-08-26T13:55:03,#695F52,no,between legs
IMG_4486.jpeg,2022-09-20T23:51:50,#877361,no,pretzel
IMG_4487.jpeg,2022-09-20T23:51:55,#85715F,no,pretzel
IMG_4488.jpeg,2022-09-20T23:51:58,#85705E,no,pretzel
IMG_4489.jpeg,2022-09-20T23:52:01,#84705E,no,pretzel
IMG_4527.jpeg,2022-09-28T11:57:09,#5E5A51,no,belly up
IMG_4528.jpeg,2022-09-28T11:57:19,#49453C,no,belly up
IMG_4767.jpeg,2024-07-27T14:39:56,#7A7161,no,other
IMG_5123.jpeg,2022-11-20T10:54:49,#827E74,no,other
IMG_5145.jpeg,2024-09-27T11:45:05,#796757,no,other
IMG_5146 (1).jpeg,2022-12-06T14:41:22,#686158,no,between legs
IMG_5146.jpeg,2024-09-27T11:45:11,#7D6E5F,no,other
IMG_5170.jpeg,2023-01-08T11:39:15,#8C8882,no,belly up
IMG_5178.jpeg,2023-01-19T21:52:27,#59564C,no,other
IMG_5479.jpeg,2023-02-16T13:01:34,#827E75,yes,between legs
IMG_5490.jpeg,2023-02-24T11:56:10,#7B7469,no,between legs
IMG_5491.jpeg,2023-02-24T11:57:00,#7D756A,no,pretzel
IMG_5492.jpeg,2023-02-24T11:57:04,#767067,no,between legs
IMG_5493.jpeg,2023-02-24T17:06:52,#5F5B52,no,between legs
IMG_5494.jpeg,2023-02-24T17:06:53,#656158,no,between legs
IMG_5495.jpeg,2023-02-24T17:06:57,#706B5F,no,between legs
IMG_5496.jpeg,2023-02-24T17:07:06,#5B584F,no,between legs
IMG_5497.jpeg,2023-02-24T17:07:10,#53504A,no,between legs
IMG_5611.jpeg,2023-04-20T11:15:12,#8C8775,no,between legs
IMG_5612.jpeg,2023-04-20T11:15:14,#868172,no,between legs
IMG_5613.jpeg,2023-04-20T11:15:21,#9D9FA1,no,loaf
IMG_5648.jpeg,2023-05-04T19:30:59,#61605B,no,between legs
IMG_5649.jpeg,2023-05-04T19:31:13,#6A6760,no,between legs
IMG_5650.jpeg,2023-05-04T19:31:23,#656059,no,between legs
IMG_5651.jpeg,2023-05-04T19:31:25,#656058,no,between legs
IMG_5652.jpeg,2023-05-04T19:31:37,#646059,no,between legs
IMG_5653.jpeg,2023-05-04T19:31:45,#68645F,no,between legs
IMG_5662.jpeg,2023-05-07T11:26:02,#878A8C,no,pretzel
IMG_5663.jpeg,2023-05-07T11:26:07,#6E6962,no,laying on side
IMG_5664.jpeg,2023-05-07T11:26:09,#6E6A64,no,pretzel
IMG_5849.jpeg,2023-05-22T18:35:34,#918372,no,between legs
IMG_5850.jpeg,2023-05-22T18:35:37,#8C7D6C,no,between legs
IMG_5851.jpeg,2023-05-22T18:35:41,#908272,no,between legs
IMG_6004.jpeg,2023-06-26T10:36:56,#6A655C,no,pretzel
IMG_6206.jpeg,2023-07-13T23:05:14,#6B625A,no,pretzel
IMG_6207.jpeg,2023-07-13T23:05:19,#6C635B,no,between legs
IMG_6247.jpeg,2023-07-28T16:56:12,#99877B,no,belly up
IMG_6397.jpeg,2023-08-16T12:55:07,#7D7E7A,no,other
IMG_6398.jpeg,2023-08-16T12:55:08,#878882,no,other
IMG_6399.jpeg,2023-08-16T12:55:09,#858580,no,other
IMG_6400.jpeg,2023-08-16T12:55:20,#928F82,no,other
IMG_6401.jpeg,2023-08-16T12:55:21,#928E82,no,other
IMG_6402.jpeg,2023-08-16T12:55:22,#928F82,no,other
IMG_6572.jpeg,2023-08-29T22:27:55,#453D34,no,between legs
IMG_6655.jpeg,2023-09-26T14:00:43,#796A5E,yes,between legs
IMG_6656.jpeg,2023-09-26T14:00:45,#807067,yes,between legs
IMG_6657.jpeg,2023-09-26T14:00:55,#837267,yes,between legs
IMG_6658.jpeg,2023-09-26T14:17:53,#6D645D,yes,between legs
IMG_6659.jpeg,2023-09-26T14:17:58,#736A61,yes,between legs
IMG_6808.jpeg,2023-10-21T11:50:01,#716A64,no,between legs
IMG_6810.jpeg,2023-10-21T11:50:18,#77716A,no,between legs
IMG_6811.jpeg,2023-10-21T11:50:24,#757069,no,between legs
IMG_6812.jpeg,2023-10-21T11:50:27,#746F67,no,between legs
IMG_6813.jpeg,2023-10-21T11:50:28,#746E67,no,between legs
IMG_6814.jpeg,2023-10-21T11:51:20,#6F6962,no,between legs
IMG_6815.jpeg,2023-10-21T11:51:32,#6C6760,no,between legs
IMG_6816.jpeg,2023-10-21T11:51:41,#6E6963,no,between legs
IMG_6817.jpeg,2023-10-21T11:51:45,#66615A,no,between legs
IMG_6867.jpeg,2023-10-30T10:55:47,#7C705F,no,between legs
IMG_6931.jpeg,2023-11-23T23:14:46,#544337,yes,other
IMG_6932.jpeg,2023-11-23T23:14:57,#524338,yes,between legs
IMG_6933.jpeg,2023-11-23T23:14:58,#564639,yes,between legs
IMG_6985.jpeg,2023-11-27T10:53:10,#535047,no,laying on side
IMG_6986.jpeg,2023-11-27T10:53:10,#545047,no,laying on side
IMG_6987.jpeg,2023-11-27T10:55:09,#8A8178,no,belly up
IMG_6988.jpeg,2023-11-27T10:55:17,#877D75,no,belly up
IMG_7013.jpeg,2023-12-07T18:49:58,#836C5E,no,other
IMG_7014.jpeg,2023-12-07T18:49:59,#826C5F,no,other
IMG_7042.jpeg,2023-12-10T17:57:28,#82725F,no,curled up
IMG_7118.jpeg,2020-12-24T18:23:18,#7A6857,no,between legs
IMG_7139.JPG,2024-11-18T22:58:08,#70604D,no,between legs
IMG_7218.jpeg,2023-12-28T00:19:32,#57493E,no,other
IMG_7219.jpeg,2023-12-28T00:19:41,#56493E,no,other
IMG_7309.jpeg,2024-01-10T23:02:38,#B69B89,no,between legs
IMG_7310.jpeg,2024-01-10T23:02:40,#B0937F,no,between legs
IMG_7312.jpeg,2024-01-13T15:57:18,#8D8675,yes,between legs
IMG_7313.jpeg,2024-01-13T15:57:19,#A2917C,yes,between legs
IMG_7392.jpeg,2024-01-17T13:23:41,#89807B,yes,between legs
IMG_7393.jpeg,2024-01-17T13:23:47,#837B78,yes,between legs
IMG_7394.jpeg,2024-01-17T13:26:44,#837B75,yes,between legs
IMG_7395.jpeg,2024-01-17T13:26:51,#827B75,yes,between legs
IMG_7396.jpeg,2024-01-18T15:02:55,#7A7569,no,other
IMG_7397.jpeg,2024-01-18T15:02:56,#777268,no,other
IMG_7517.jpeg,2024-02-04T17:03:17,#807262,no,other
IMG_7558.jpeg,2024-02-16T15:01:37,#846B54,no,standing up on hind legs
IMG_7561.jpeg,2024-02-16T15:03:11,#836D56,no,standing up on hind legs
IMG_8977.jpeg,2024-05-21T16:56:26,#7E6A56,no,other
IMG_8979.jpeg,2024-05-21T17:00:25,#766654,no,loaf
IMG_8994.jpeg,2024-05-26T21:56:57,#594937,no,other
IMG_8995.jpeg,2024-05-26T21:57:02,#5E4B33,no,other
IMG_9117.jpeg,2024-06-03T22:31:15,#80694C,no,curled up
IMG_9238.jpeg,2024-06-23T23:54:15,#838077,no,pretzel
IMG_9240.jpeg,2024-06-23T23:55:14,#8B867E,no,belly up
IMG_9789.jpeg,2024-08-05T22:32:33,#785D3F,no,other
IMG_9850.jpeg,2024-08-20T21:37:06,#80756C,no,between legs
IMG_9851.jpeg,2024-08-20T21:37:07,#7A726B,no,between legs
a13102d5-e112-47c6-99a7-0935c030e8ce.jpg,2025-08-13T13:16:09.545992,#715245,unknown,between legs
a1ace7b1-5bca-4644-8b65-599f9e6aa482.jpg,2025-08-13T13:16:09.549992,#937C63,unknown,other
a226a57b-0067-4612-9278-3fee1ff29c3e.jpg,2025-08-13T13:16:09.549992,#6F6350,unknown,between legs
a4a2b3c8-7664-4bdd-8e74-5d87c408b532.jpg,2025-08-13T13:16:09.553992,#63594B,unknown,pretzel
a4d15bee-cdf2-4824-96da-aa54720bb3b0.jpg,2025-08-13T13:16:09.553992,#96775E,unknown,other
a91ec5e2-5021-405f-a322-e5fa2110eb9f.jpg,2025-08-13T13:16:09.557992,#7B644B,unknown,other
a9fce347-fd80-4207-80c9-7c9d051c4d04.jpg,2025-08-13T13:16:09.557992,#875948,unknown,curled up
b06b5c48-6b3a-4635-91c2-e9995b34857c.jpg,2025-08-13T13:16:09.557992,#51463C,unknown,between legs
b3fbf432-0ae1-4d63-9d68-9e218ef2f728.jpg,2025-08-13T13:16:09.561992,#4B4942,unknown,belly up
b5bb112c-0c7c-4668-bd7b-53897b24cff7.jpg,2025-08-13T13:16:09.561992,#6B665A,unknown,loaf
b86ad7f7-50b8-4f9a-935e-102e1d9cfcf7.jpg,2025-08-13T13:16:09.565992,#6D6550,unknown,curled up
be0ac35a-e9c8-43b0-a352-d7732dfb025f.jpg,2025-08-13T13:16:09.569992,#958D80,unknown,other
c0880113-811f-4c61-a6f4-654e285cfc68.jpg,2025-08-13T13:16:09.569992,#878A78,unknown,between legs
c428d3ba-4154-43d4-a9b0-8a72018d06af.jpg,2025-08-13T13:16:09.573992,#5C4E43,unknown,between legs
c5df1233-75ec-423b-87d4-273820479bbb.jpg,2025-08-13T13:16:09.573992,#473D2F,unknown,other
c8156019-e5db-498b-9c4f-15fd5ddd59c3.jpg,2025-08-13T13:16:09.573992,#675B5C,unknown,between legs
camphoto_33463914.jpg,2025-08-13T13:16:09.597992,#7B6555,unknown,between legs
camphoto_824023566.jpg,2025-08-13T13:16:09.617992,#978779,unknown,between legs
camphoto_959030623.jpg,2025-08-13T13:16:09.641992,#17120D,unknown,between legs
cc079151-00ab-46e4-b119-f010ce4a9f0a.jpg,2025-08-13T13:16:09.641992,#4C463F,unknown,pretzel
d05b2e1d-5b66-45b6-bebc-7f418c5b0e6a.jpg,2025-08-13T13:16:09.641992,#4E473D,unknown,between legs
d47807ae-cdec-4441-ae3f-67044b0e9687.jpg,2025-08-13T13:16:09.645992,#716E66,unknown,between legs
d5222d7e-e653-4b0f-b3d6-1fd56906d05e.jpg,2025-08-13T13:16:09.645992,#7F7C78,unknown,between legs
dd8b7b78-a809-4150-b629-a2c3929b06b2.jpg,2025-08-13T13:16:09.645992,#3E3936,unknown,belly up
ddf96a6d-f1e9-48f7-bee4-9aa600b92f2e.jpg,2025-08-13T13:16:09.653992,#7F746F,unknown,between legs
df5a6caf-e20b-46f8-a2cf-8303a2c38457.jpg,2025-08-13T13:16:09.653992,#4A4841,unknown,pretzel
e5e189cf-a0c6-44d4-8a24-806b7f3466b9.jpg,2025-08-13T13:16:09.653992,#897F64,unknown,laying on side
e5f75fe7-1b87-4e7a-aa52-da2a7ecc8747.jpg,2025-08-13T13:16:09.657992,#736C5C,unknown,between legs
e66b627c-b5e7-4727-ad0a-29dfc734a000.jpg,2023-05-17T18:41:51,#6C6158,unknown,other
e7799abf-5e13-4e55-9f7a-5bc3f220b4a8.jpg,2025-08-13T13:16:09.661992,#89735D,unknown,other
e8f3967b-c199-49ef-ba07-0484f546a914.jpg,2025-08-13T13:16:09.661992,#776B67,unknown,between legs
e904ac7f-a1bb-4853-8cdb-a2dcebac2557.jpg,2025-08-13T13:16:09.665992,#5D5740,unknown,between legs
ecf125fe-4d55-4bf1-a282-8a4fae5d6217.jpg,2025-08-13T13:16:09.665992,#807568,unknown,between legs
eef5a45b-5725-4df4-b6d3-3f13d72c4c72.jpg,2025-08-13T13:16:09.669992,#726C62,unknown,pretzel
efea550c-c48e-433b-b557-605a6492bd0e.jpg,2025-08-13T13:16:09.669992,#635D55,unknown,between legs
f394a29c-d945-4f59-84ef-689df4fea4bf.jpg,2025-08-13T13:16:09.673992,#5C4A3C,unknown,pretzel
f421de37-848c-4a92-8322-94ef456cd306.jpg,2025-08-13T13:16:09.673992,#787167,unknown,pretzel
fb4aa337-3bee-4740-bc8c-ab279a8299a4.jpg,2025-08-13T13:16:09.673992,#7B706B,unknown,between legs
fce8bbb3-ec4d-4617-900e-13b367269fe5.jpg,2025-08-13T13:16:09.677992,#57473D,unknown,between legs
fd4cd0d8-2d2f-41dd-991d-21ab9376ae73.jpg,2025-08-13T13:16:09.681992,#5E6A65,unknown,pretzel
fd6aca39-cda4-48e8-b81a-f8aff8d2c70d.jpg,2025-08-13T13:16:09.681992,#524F47,unknown,between legs
fd6fa939-a3ae-4be0-8f7d-ff7d5a8f0a2d.jpg,2025-08-13T13:16:09.681992,#8B7F6E,unknown,between legs
ff1ab1fe-ce7a-426e-bd5e-8cd8da8f2eb0.jpg,2025-08-13T13:16:09.685992,#584B4D,unknown,between legs
ffc3211f-545b-40bb-9475-f2b574e50274.jpg,2025-08-13T13:16:09.685992,#60635E,unknown,other
